show_id,title,type,genre,release_year,duration_min,country,rating,imdb_score
s0001,Movie_1,Movie,Comedy,2001,157,Canada,TV-MA,8.7
s0002,Movie_2,TV Show,Romance,2014,125,South Korea,TV-MA,6.0
s0003,Movie_3,Movie,Documentary,2023,91,Canada,R,8.6
s0004,Movie_4,Movie,Documentary,2009,146,USA,PG-13,9.3
s0005,Movie_5,TV Show,,2005,122,,TV-MA,4.9
s0006,Movie_6,Movie,Sci-Fi,2002,145,India,,8.5
s0007,Movie_7,TV Show,Comedy,2023,110,South Korea,G,7.4
s0008,Movie_8,TV Show,Comedy,2015,84,India,PG-13,6.9
s0009,Movie_9,TV Show,Documentary,2001,117,Spain,G,6.6
s0010,Movie_10,TV Show,Drama,2020,122,Spain,G,8.4
s0011,Movie_11,TV Show,Sci-Fi,2013,121,India,TV-MA,7.7
s0012,Movie_12,Movie,Comedy,2017,81,Canada,R,8.5
s0013,Movie_13,Movie,Thriller,2005,117,South Korea,R,9.0
s0014,Movie_14,TV Show,Comedy,2005,117,UK,G,7.6
s0015,Movie_15,TV Show,,2018,145,UK,PG-13,9.4
s0016,Movie_16,TV Show,Drama,2015,108,Spain,G,7.5
s0017,Movie_17,Movie,Comedy,1998,111,South Korea,G,7.7
s0018,Movie_18,TV Show,Sci-Fi,2002,101,USA,,7.3
s0019,Movie_19,Movie,Romance,2018,129,UK,PG-13,5.0
s0020,Movie_20,Movie,Action,1997,74,France,TV-MA,8.1
s0021,Movie_21,Movie,Thriller,2016,113,UK,,7.2
s0022,Movie_22,Movie,,2015,166,India,PG,6.8
s0023,Movie_23,Movie,Romance,1996,119,France,PG-13,9.1
s0024,Movie_24,Movie,Action,2018,160,France,TV-MA,6.0
s0025,Movie_25,TV Show,Documentary,2006,156,India,G,7.1
s0026,Movie_26,TV Show,Comedy,2000,67,UK,G,8.0
s0027,Movie_27,Movie,Drama,1996,112,UK,G,8.5
s0028,Movie_28,Movie,Comedy,2022,119,South Korea,G,6.8
s0029,Movie_29,TV Show,Comedy,2015,167,UK,R,8.7
s0030,Movie_30,TV Show,Sci-Fi,1995,167,South Korea,G,8.3
s0031,Movie_31,Movie,Documentary,2006,64,Spain,G,
s0032,Movie_32,Movie,Comedy,2020,162,,R,4.7
s0033,Movie_33,TV Show,Sci-Fi,2016,127,USA,PG-13,7.6
s0034,Movie_34,TV Show,,2023,65,India,PG-13,6.2
s0035,Movie_35,TV Show,Action,2006,168,,TV-MA,5.5
s0036,Movie_36,TV Show,Documentary,2019,155,India,G,7.4
s0037,Movie_37,Movie,Documentary,2011,175,USA,PG,6.2
s0038,Movie_38,TV Show,,2021,153,UK,PG,7.2
s0039,Movie_39,Movie,Documentary,2021,106,Spain,G,6.8
s0040,Movie_40,TV Show,,2004,158,France,PG,7.4
s0041,Movie_41,TV Show,,2022,114,Spain,TV-MA,6.5
s0042,Movie_42,TV Show,Thriller,2022,99,UK,PG-13,8.0
s0043,Movie_43,Movie,Comedy,2010,111,Canada,PG,5.4
s0044,Movie_44,Movie,Action,2009,75,South Korea,PG-13,8.0
s0045,Movie_45,Movie,Thriller,2009,72,Spain,G,6.6
s0046,Movie_46,TV Show,Drama,2013,173,Canada,PG-13,
s0047,Movie_47,Movie,Drama,2006,165,USA,G,7.1
s0048,Movie_48,TV Show,Romance,2017,89,,TV-MA,9.4
s0049,Movie_49,Movie,,2014,78,USA,R,7.5
s0050,Movie_50,Movie,Thriller,2019,76,Canada,R,5.6
s0051,Movie_51,Movie,Thriller,1997,179,USA,,8.6
s0052,Movie_52,TV Show,Sci-Fi,1999,122,South Korea,R,6.2
s0053,Movie_53,Movie,Drama,2013,78,Canada,TV-MA,6.2
s0054,Movie_54,Movie,Comedy,2001,151,Canada,PG,4.7
s0055,Movie_55,Movie,Thriller,2015,117,USA,R,7.2
s0056,Movie_56,Movie,,2003,114,Spain,PG-13,7.2
s0057,Movie_57,Movie,Thriller,2001,149,Spain,PG,6.3
s0058,Movie_58,Movie,Thriller,2012,160,Canada,PG,9.0
s0059,Movie_59,TV Show,Thriller,1998,149,India,TV-MA,5.1
s0060,Movie_60,Movie,,2019,176,South Korea,,6.2
s0061,Movie_61,TV Show,Action,2022,121,UK,PG-13,6.1
s0062,Movie_62,Movie,Comedy,2008,82,USA,PG-13,5.0
s0063,Movie_63,Movie,Documentary,2012,68,India,PG-13,6.9
s0064,Movie_64,Movie,Documentary,2020,71,USA,R,7.9
s0065,Movie_65,TV Show,Romance,2003,176,Spain,TV-MA,7.1
s0066,Movie_66,TV Show,Sci-Fi,2020,60,,PG-13,
s0067,Movie_67,TV Show,Comedy,2015,117,,PG-13,6.4
s0068,Movie_68,TV Show,Documentary,1996,60,,PG-13,
s0069,Movie_69,Movie,Action,2014,170,France,PG,8.8
s0070,Movie_70,Movie,Thriller,2022,93,Canada,R,4.9
s0071,Movie_71,TV Show,Romance,2009,155,France,R,7.5
s0072,Movie_72,TV Show,Documentary,2022,177,USA,R,9.4
s0073,Movie_73,Movie,,2001,107,South Korea,R,7.2
s0074,Movie_74,TV Show,Thriller,2006,148,Spain,TV-MA,9.1
s0075,Movie_75,TV Show,Comedy,2023,163,France,R,5.7
s0076,Movie_76,TV Show,Comedy,2002,168,USA,R,8.3
s0077,Movie_77,Movie,Romance,2009,176,South Korea,PG-13,7.2
s0078,Movie_78,Movie,Thriller,1997,60,Canada,PG,8.1
s0079,Movie_79,TV Show,Romance,2008,75,India,G,4.8
s0080,Movie_80,Movie,,2011,120,USA,TV-MA,5.2
s0081,Movie_81,Movie,Romance,1998,162,Canada,R,5.2
s0082,Movie_82,Movie,Thriller,2012,123,France,G,7.9
s0083,Movie_83,Movie,Thriller,2002,122,South Korea,TV-MA,8.7
s0084,Movie_84,TV Show,Drama,1998,128,France,,
s0085,Movie_85,Movie,,1996,81,France,PG-13,4.7
s0086,Movie_86,Movie,Documentary,2000,152,Spain,PG,8.8
s0087,Movie_87,TV Show,Sci-Fi,2016,178,UK,PG-13,6.3
s0088,Movie_88,TV Show,Action,2004,126,USA,PG-13,6.5
s0089,Movie_89,TV Show,Drama,1998,135,Spain,,5.0
s0090,Movie_90,TV Show,Documentary,2016,85,Spain,R,8.2
s0091,Movie_91,Movie,Romance,2023,75,,G,5.4
s0092,Movie_92,Movie,,2012,110,France,G,7.3
s0093,Movie_93,Movie,Sci-Fi,2020,160,India,PG,8.7
s0094,Movie_94,Movie,Romance,2006,145,France,PG-13,4.9
s0095,Movie_95,Movie,Sci-Fi,1996,116,UK,PG,7.2
s0096,Movie_96,Movie,Drama,2004,88,Canada,TV-MA,5.7
s0097,Movie_97,TV Show,,1998,137,UK,R,6.2
s0098,Movie_98,TV Show,Documentary,2008,151,South Korea,R,6.9
s0099,Movie_99,TV Show,Romance,2010,128,USA,,
s0100,Movie_100,TV Show,Romance,2009,106,France,PG,7.7
s0101,Movie_101,Movie,,2002,172,USA,G,6.9
s0102,Movie_102,TV Show,Drama,2008,153,India,R,7.4
s0103,Movie_103,TV Show,Sci-Fi,2017,169,,G,8.2
s0104,Movie_104,TV Show,Drama,2022,121,Spain,PG,7.3
s0105,Movie_105,TV Show,Drama,2019,175,France,,7.4
s0106,Movie_106,Movie,Comedy,2002,128,USA,PG,7.3
s0107,Movie_107,TV Show,Romance,2015,135,Spain,R,6.4
s0108,Movie_108,Movie,Thriller,2010,75,USA,PG-13,6.2
s0109,Movie_109,TV Show,Documentary,2007,149,USA,G,9.0
s0110,Movie_110,Movie,Sci-Fi,2012,149,Spain,G,7.5
s0111,Movie_111,TV Show,Action,2009,107,India,G,5.7
s0112,Movie_112,Movie,Drama,2015,144,Spain,TV-MA,7.0
s0113,Movie_113,Movie,Thriller,2018,98,Canada,R,6.2
s0114,Movie_114,TV Show,Thriller,2020,159,UK,R,9.2
s0115,Movie_115,TV Show,Documentary,2019,92,USA,G,
s0116,Movie_116,TV Show,Romance,2022,153,India,TV-MA,5.6
s0117,Movie_117,Movie,Drama,2022,160,India,PG,6.3
s0118,Movie_118,Movie,Comedy,2022,82,Spain,,6.9
s0119,Movie_119,Movie,Thriller,2007,69,Spain,PG,8.8
s0120,Movie_120,TV Show,Romance,2003,177,,R,4.9
s0121,Movie_121,TV Show,Sci-Fi,2023,128,France,PG-13,8.5
s0122,Movie_122,Movie,Romance,2009,159,USA,PG,4.8
s0123,Movie_123,TV Show,Action,2007,93,Spain,PG,8.7
s0124,Movie_124,Movie,Thriller,1995,111,France,PG,4.8
s0125,Movie_125,TV Show,,2019,154,South Korea,TV-MA,4.6
s0126,Movie_126,Movie,Documentary,2001,69,UK,PG-13,8.0
s0127,Movie_127,Movie,,2003,78,Spain,PG,9.5
s0128,Movie_128,TV Show,Sci-Fi,2018,117,UK,PG,9.0
s0129,Movie_129,TV Show,Sci-Fi,1995,155,,TV-MA,7.4
s0130,Movie_130,TV Show,Action,2006,60,France,TV-MA,9.1
s0131,Movie_131,Movie,Romance,2002,179,South Korea,,4.5
s0132,Movie_132,Movie,,2018,128,UK,R,9.4
s0133,Movie_133,Movie,Romance,2005,168,France,R,7.0
s0134,Movie_134,Movie,Thriller,2013,63,UK,PG,8.1
s0135,Movie_135,Movie,Action,2011,75,USA,,8.6
s0136,Movie_136,Movie,Sci-Fi,2002,83,France,G,8.1
s0137,Movie_137,TV Show,Thriller,1997,139,France,PG,
s0138,Movie_138,Movie,,1997,178,Canada,PG-13,6.9
s0139,Movie_139,Movie,Romance,1995,61,South Korea,,8.7
s0140,Movie_140,Movie,Documentary,2021,172,USA,TV-MA,
s0141,Movie_141,Movie,Drama,1999,151,Canada,G,9.3
s0142,Movie_142,TV Show,Sci-Fi,2004,91,France,R,8.1
s0143,Movie_143,TV Show,Comedy,2001,150,,R,5.5
s0144,Movie_144,Movie,Action,2020,143,Canada,PG-13,8.2
s0145,Movie_145,TV Show,Action,2003,83,Canada,,7.1
s0146,Movie_146,Movie,Comedy,2022,71,USA,PG-13,8.0
s0147,Movie_147,TV Show,Comedy,2001,109,,PG,8.3
s0148,Movie_148,TV Show,Sci-Fi,2003,94,France,R,4.9
s0149,Movie_149,TV Show,Action,2002,92,USA,G,7.0
s0150,Movie_150,TV Show,Action,2006,92,UK,,9.2
s0151,Movie_151,TV Show,Action,1996,120,India,,6.1
s0152,Movie_152,TV Show,Romance,1995,110,France,PG-13,7.5
s0153,Movie_153,TV Show,Thriller,2010,102,USA,PG-13,6.3
s0154,Movie_154,TV Show,Comedy,2017,160,France,G,6.8
s0155,Movie_155,Movie,Drama,2017,71,Canada,PG-13,7.2
s0156,Movie_156,Movie,Thriller,2018,126,France,TV-MA,7.2
s0157,Movie_157,TV Show,Thriller,1999,124,UK,PG-13,
s0158,Movie_158,TV Show,Thriller,1997,92,USA,TV-MA,7.9
s0159,Movie_159,Movie,Comedy,2006,99,Canada,R,4.9
s0160,Movie_160,Movie,Drama,2002,133,France,G,5.2
s0161,Movie_161,TV Show,Thriller,2016,102,South Korea,R,4.5
s0162,Movie_162,Movie,Romance,2021,103,India,TV-MA,
s0163,Movie_163,Movie,Romance,1997,88,France,PG-13,
s0164,Movie_164,TV Show,Comedy,1995,72,Canada,PG-13,7.5
s0165,Movie_165,TV Show,Sci-Fi,1997,71,UK,TV-MA,8.5
s0166,Movie_166,Movie,Action,1999,154,USA,PG,5.0
s0167,Movie_167,Movie,Thriller,2009,105,UK,R,8.8
s0168,Movie_168,TV Show,Thriller,2008,61,USA,PG,8.2
s0169,Movie_169,TV Show,Romance,1997,174,,PG,
s0170,Movie_170,TV Show,Romance,1995,173,UK,R,9.2
s0171,Movie_171,Movie,Drama,1999,94,South Korea,PG-13,9.5
s0172,Movie_172,Movie,Action,2020,146,France,TV-MA,5.5
s0173,Movie_173,TV Show,Action,2017,140,UK,PG-13,6.4
s0174,Movie_174,TV Show,,2008,149,,G,9.1
s0175,Movie_175,Movie,Sci-Fi,2001,67,USA,PG,8.1
s0176,Movie_176,Movie,Action,2021,152,South Korea,PG-13,4.7
s0177,Movie_177,TV Show,Documentary,2003,85,France,TV-MA,8.4
s0178,Movie_178,Movie,Sci-Fi,2009,133,South Korea,G,8.6
s0179,Movie_179,Movie,Action,2009,149,South Korea,PG-13,8.3
s0180,Movie_180,TV Show,Romance,2020,93,,,8.5
s0181,Movie_181,Movie,Comedy,2004,174,Canada,PG,8.6
s0182,Movie_182,Movie,Documentary,2022,164,France,R,
s0183,Movie_183,Movie,Thriller,2007,66,UK,PG,5.7
s0184,Movie_184,Movie,,2013,127,India,G,
s0185,Movie_185,TV Show,,2001,117,USA,,9.0
s0186,Movie_186,Movie,Documentary,2011,176,USA,R,6.1
s0187,Movie_187,TV Show,Documentary,2014,173,France,PG-13,
s0188,Movie_188,TV Show,Drama,2023,168,USA,PG-13,7.9
s0189,Movie_189,Movie,Comedy,1998,134,Canada,PG-13,6.8
s0190,Movie_190,Movie,Action,1999,88,,G,8.1
s0191,Movie_191,Movie,Sci-Fi,2017,179,India,TV-MA,9.0
s0192,Movie_192,Movie,Action,2001,95,France,TV-MA,7.6
s0193,Movie_193,Movie,Drama,2007,148,France,R,
s0194,Movie_194,TV Show,Romance,2009,80,Spain,R,6.7
s0195,Movie_195,Movie,Thriller,2005,95,France,PG-13,7.4
s0196,Movie_196,TV Show,Drama,2023,69,USA,PG,6.3
s0197,Movie_197,TV Show,Action,1998,160,Spain,TV-MA,6.5
s0198,Movie_198,Movie,Documentary,2007,132,UK,G,7.2
s0199,Movie_199,Movie,Drama,2001,83,Canada,PG-13,4.8
s0200,Movie_200,TV Show,,2021,123,Spain,PG,5.6
s0201,Movie_201,Movie,Documentary,2013,158,Canada,TV-MA,7.2
s0202,Movie_202,TV Show,Comedy,2016,108,,TV-MA,
s0203,Movie_203,TV Show,Documentary,2022,158,UK,,6.2
s0204,Movie_204,TV Show,Drama,1996,171,UK,PG-13,8.2
s0205,Movie_205,TV Show,,2004,95,UK,R,8.0
s0206,Movie_206,TV Show,Sci-Fi,2007,141,USA,R,5.3
s0207,Movie_207,Movie,Comedy,2019,172,UK,TV-MA,
s0208,Movie_208,Movie,Documentary,2015,162,UK,PG,7.0
s0209,Movie_209,Movie,Action,2000,155,South Korea,R,8.2
s0210,Movie_210,TV Show,Action,2022,83,Spain,R,
s0211,Movie_211,TV Show,Comedy,2022,82,Spain,TV-MA,
s0212,Movie_212,TV Show,Sci-Fi,2006,121,UK,,8.3
s0213,Movie_213,Movie,Action,2006,155,Spain,TV-MA,8.0
s0214,Movie_214,TV Show,,2014,96,,TV-MA,8.4
s0215,Movie_215,Movie,Romance,2005,71,South Korea,,
s0216,Movie_216,Movie,Documentary,2020,172,UK,PG-13,5.5
s0217,Movie_217,Movie,Documentary,2017,114,South Korea,R,
s0218,Movie_218,Movie,Comedy,2022,72,South Korea,TV-MA,7.0
s0219,Movie_219,Movie,Sci-Fi,2019,82,South Korea,PG-13,
s0220,Movie_220,Movie,Action,2001,148,USA,,5.0
s0221,Movie_221,TV Show,Documentary,1995,158,Canada,G,7.2
s0222,Movie_222,TV Show,Romance,1995,164,India,TV-MA,
s0223,Movie_223,Movie,Drama,2019,89,USA,R,6.8
s0224,Movie_224,TV Show,Comedy,2021,76,Canada,G,7.5
s0225,Movie_225,Movie,Drama,2019,172,South Korea,TV-MA,7.0
s0226,Movie_226,Movie,Documentary,2014,121,India,G,7.2
s0227,Movie_227,Movie,Drama,2007,143,USA,,
s0228,Movie_228,TV Show,Action,2003,171,USA,G,6.5
s0229,Movie_229,Movie,Documentary,1997,148,Spain,PG,8.4
s0230,Movie_230,TV Show,Comedy,2001,145,Canada,TV-MA,4.6
s0231,Movie_231,TV Show,Comedy,2000,72,USA,,7.5
s0232,Movie_232,Movie,Drama,2002,118,South Korea,,7.3
s0233,Movie_233,TV Show,Drama,2021,78,Spain,R,8.1
s0234,Movie_234,Movie,Action,2003,108,,PG,7.5
s0235,Movie_235,TV Show,Action,1999,159,Canada,PG-13,8.6
s0236,Movie_236,TV Show,Sci-Fi,1995,71,France,G,9.3
s0237,Movie_237,TV Show,Thriller,2013,120,UK,,6.2
s0238,Movie_238,Movie,Drama,2004,164,South Korea,TV-MA,5.6
s0239,Movie_239,TV Show,Thriller,2006,78,Spain,TV-MA,6.6
s0240,Movie_240,TV Show,,2018,135,South Korea,TV-MA,
s0241,Movie_241,Movie,Romance,2009,68,UK,TV-MA,7.6
s0242,Movie_242,TV Show,Documentary,2021,130,Spain,G,
s0243,Movie_243,Movie,Drama,2016,87,India,TV-MA,5.2
s0244,Movie_244,Movie,Thriller,2018,137,India,,5.0
s0245,Movie_245,Movie,Documentary,2003,154,France,PG-13,5.8
s0246,Movie_246,TV Show,Thriller,2014,111,USA,PG,8.1
s0247,Movie_247,TV Show,Documentary,2011,142,USA,PG-13,7.5
s0248,Movie_248,TV Show,Documentary,2011,170,UK,G,5.0
s0249,Movie_249,Movie,Drama,2020,75,Canada,TV-MA,9.1
s0250,Movie_250,Movie,Sci-Fi,2014,176,,TV-MA,8.5
s0251,Movie_251,Movie,Action,2006,128,UK,PG-13,4.6
s0252,Movie_252,TV Show,Drama,2001,158,Canada,TV-MA,7.8
s0253,Movie_253,Movie,Documentary,1996,71,France,PG-13,8.4
s0254,Movie_254,TV Show,Action,1997,84,India,PG,6.4
s0255,Movie_255,TV Show,Drama,2011,111,India,,4.8
s0256,Movie_256,Movie,Action,1999,144,USA,G,4.9
s0257,Movie_257,Movie,Drama,2011,159,India,G,5.0
s0258,Movie_258,Movie,Documentary,2018,112,UK,PG,8.7
s0259,Movie_259,TV Show,Romance,2011,82,Canada,PG,9.1
s0260,Movie_260,TV Show,Documentary,2021,75,India,R,5.1
s0261,Movie_261,Movie,Romance,2011,116,South Korea,PG-13,5.7
s0262,Movie_262,TV Show,Sci-Fi,1996,98,Canada,PG-13,
s0263,Movie_263,Movie,Action,1996,168,UK,R,
s0264,Movie_264,TV Show,Thriller,2022,112,UK,PG,
s0265,Movie_265,Movie,Romance,2016,101,India,R,6.2
s0266,Movie_266,Movie,Thriller,2017,117,India,R,6.1
s0267,Movie_267,TV Show,Sci-Fi,1999,98,UK,TV-MA,5.6
s0268,Movie_268,Movie,Comedy,1995,73,South Korea,R,7.5
s0269,Movie_269,Movie,Sci-Fi,1995,154,India,PG-13,6.4
s0270,Movie_270,Movie,Action,2013,64,France,R,8.2
s0271,Movie_271,Movie,Sci-Fi,1996,94,India,PG-13,5.5
s0272,Movie_272,TV Show,Sci-Fi,2015,146,India,TV-MA,8.4
s0273,Movie_273,TV Show,Drama,2006,152,France,R,7.5
s0274,Movie_274,TV Show,Comedy,2020,166,USA,TV-MA,5.1
s0275,Movie_275,Movie,Comedy,2000,134,UK,R,6.6
s0276,Movie_276,TV Show,Comedy,2017,77,Spain,PG,8.8
s0277,Movie_277,Movie,,1998,170,France,R,9.1
s0278,Movie_278,TV Show,Sci-Fi,2017,135,,TV-MA,6.8
s0279,Movie_279,Movie,Comedy,2005,68,France,,6.9
s0280,Movie_280,TV Show,Thriller,2018,133,Canada,PG-13,9.1
s0281,Movie_281,TV Show,Comedy,2021,117,Spain,R,7.4
s0282,Movie_282,TV Show,Action,2011,167,Spain,TV-MA,4.7
s0283,Movie_283,TV Show,Comedy,2000,76,Spain,PG,9.1
s0284,Movie_284,Movie,Thriller,2018,161,Spain,,5.7
s0285,Movie_285,Movie,Comedy,1999,66,South Korea,PG-13,7.4
s0286,Movie_286,Movie,Sci-Fi,2014,105,India,TV-MA,5.3
s0287,Movie_287,Movie,Sci-Fi,1996,72,Spain,PG-13,4.7
s0288,Movie_288,TV Show,Comedy,2000,99,France,R,
s0289,Movie_289,TV Show,Sci-Fi,2016,101,Canada,G,8.4
s0290,Movie_290,TV Show,Action,2005,68,,PG,5.9
s0291,Movie_291,Movie,Romance,2010,109,Spain,G,5.6
s0292,Movie_292,TV Show,,2010,86,Spain,G,5.6
s0293,Movie_293,TV Show,Sci-Fi,1995,125,South Korea,TV-MA,7.1
s0294,Movie_294,Movie,Documentary,2003,64,,PG-13,
s0295,Movie_295,TV Show,Sci-Fi,2022,88,USA,PG-13,6.8
s0296,Movie_296,TV Show,Comedy,2021,96,,PG-13,7.3
s0297,Movie_297,TV Show,Comedy,2000,97,France,PG,8.8
s0298,Movie_298,Movie,Comedy,2010,142,USA,R,7.2
s0299,Movie_299,Movie,Comedy,2023,67,UK,TV-MA,5.4
s0300,Movie_300,TV Show,Romance,1997,171,Canada,PG-13,6.0
s0301,Movie_301,TV Show,Comedy,2014,168,South Korea,TV-MA,6.0
s0302,Movie_302,TV Show,,2022,124,Canada,TV-MA,6.5
s0303,Movie_303,Movie,Comedy,2021,145,India,G,6.6
s0304,Movie_304,Movie,Romance,1998,175,Canada,G,8.5
s0305,Movie_305,Movie,Sci-Fi,2013,76,,PG,6.2
s0306,Movie_306,Movie,Action,2020,130,,R,6.8
s0307,Movie_307,TV Show,Sci-Fi,1997,148,,TV-MA,7.6
s0308,Movie_308,TV Show,Romance,2013,104,UK,TV-MA,6.4
s0309,Movie_309,Movie,Drama,2014,63,France,PG-13,8.7
s0310,Movie_310,TV Show,Comedy,2001,95,India,G,7.4
s0311,Movie_311,Movie,Drama,2014,129,,R,6.0
s0312,Movie_312,Movie,Documentary,2003,90,,TV-MA,8.1
s0313,Movie_313,TV Show,Romance,1995,78,,R,7.1
s0314,Movie_314,TV Show,Drama,2002,120,Spain,TV-MA,7.2
s0315,Movie_315,TV Show,Drama,2001,167,Canada,TV-MA,6.9
s0316,Movie_316,Movie,Documentary,2012,113,France,R,7.0
s0317,Movie_317,TV Show,Thriller,2002,98,France,G,8.3
s0318,Movie_318,TV Show,Romance,1995,150,Spain,G,5.0
s0319,Movie_319,TV Show,Drama,2005,133,India,TV-MA,6.2
s0320,Movie_320,TV Show,Comedy,2022,149,USA,PG,4.9
s0321,Movie_321,TV Show,Action,2019,78,USA,PG,8.3
s0322,Movie_322,TV Show,Documentary,2019,98,South Korea,PG-13,
s0323,Movie_323,TV Show,Romance,2012,126,,,9.0
s0324,Movie_324,Movie,Documentary,2017,104,UK,R,7.1
s0325,Movie_325,TV Show,Documentary,2004,72,South Korea,R,8.5
s0326,Movie_326,TV Show,Romance,1997,173,India,G,9.4
s0327,Movie_327,TV Show,Thriller,2001,151,,PG-13,8.7
s0328,Movie_328,TV Show,Thriller,2022,117,France,G,8.8
s0329,Movie_329,Movie,Action,2010,79,South Korea,,
s0330,Movie_330,Movie,Action,2020,151,,R,7.3
s0331,Movie_331,Movie,Documentary,2010,131,,R,5.8
s0332,Movie_332,Movie,Documentary,2019,120,USA,G,5.5
s0333,Movie_333,TV Show,Sci-Fi,2014,164,South Korea,G,
s0334,Movie_334,TV Show,,2022,98,UK,TV-MA,
s0335,Movie_335,Movie,Comedy,2011,60,Canada,PG-13,6.2
s0336,Movie_336,Movie,Sci-Fi,1996,62,France,PG-13,7.3
s0337,Movie_337,TV Show,Documentary,1995,136,France,R,8.9
s0338,Movie_338,TV Show,Documentary,2010,151,Canada,,7.3
s0339,Movie_339,Movie,Romance,2006,121,USA,TV-MA,8.1
s0340,Movie_340,Movie,Comedy,1999,122,UK,R,8.5
s0341,Movie_341,Movie,Drama,1999,172,,PG,9.4
s0342,Movie_342,TV Show,Comedy,2021,84,UK,PG,7.5
s0343,Movie_343,TV Show,Sci-Fi,2017,115,,G,8.5
s0344,Movie_344,TV Show,Romance,2003,92,India,PG-13,9.3
s0345,Movie_345,Movie,Sci-Fi,2003,97,UK,R,9.2
s0346,Movie_346,Movie,Action,1997,176,,R,
s0347,Movie_347,TV Show,Thriller,2013,65,UK,PG-13,6.5
s0348,Movie_348,Movie,Comedy,2010,117,Spain,R,6.1
s0349,Movie_349,Movie,Sci-Fi,2010,103,France,G,4.9
s0350,Movie_350,Movie,Thriller,1997,104,Spain,G,7.7
s0351,Movie_351,TV Show,Sci-Fi,2014,91,Spain,TV-MA,8.2
s0352,Movie_352,Movie,Comedy,2018,104,France,G,8.7
s0353,Movie_353,Movie,Comedy,2016,120,India,TV-MA,5.1
s0354,Movie_354,TV Show,Documentary,2018,106,Canada,PG,8.9
s0355,Movie_355,Movie,Drama,1995,80,UK,PG-13,7.7
s0356,Movie_356,TV Show,Drama,2018,139,Canada,G,8.0
s0357,Movie_357,Movie,Documentary,2014,177,India,G,9.1
s0358,Movie_358,TV Show,Romance,2005,144,France,TV-MA,7.6
s0359,Movie_359,TV Show,Documentary,2011,134,Spain,TV-MA,6.2
s0360,Movie_360,TV Show,Thriller,2002,160,Spain,R,8.6
s0361,Movie_361,TV Show,Drama,1998,95,UK,G,6.3
s0362,Movie_362,TV Show,Romance,2000,158,,PG,4.7
s0363,Movie_363,TV Show,Romance,2002,78,UK,PG,8.7
s0364,Movie_364,Movie,Documentary,2014,79,Spain,TV-MA,6.2
s0365,Movie_365,Movie,Action,1997,116,India,R,8.4
s0366,Movie_366,TV Show,Romance,2010,77,India,PG,6.3
s0367,Movie_367,TV Show,Comedy,2019,106,South Korea,PG-13,8.8
s0368,Movie_368,Movie,Action,1997,164,USA,R,5.6
s0369,Movie_369,Movie,Comedy,2019,108,India,G,9.4
s0370,Movie_370,TV Show,Sci-Fi,2023,73,USA,PG-13,8.4
s0371,Movie_371,TV Show,Thriller,2012,74,Canada,,5.1
s0372,Movie_372,Movie,Drama,2008,90,India,R,7.3
s0373,Movie_373,Movie,Romance,2012,60,India,TV-MA,9.4
s0374,Movie_374,TV Show,Drama,1996,176,India,G,6.9
s0375,Movie_375,Movie,Romance,2016,113,,R,5.4
s0376,Movie_376,TV Show,Comedy,1997,177,France,,6.9
s0377,Movie_377,TV Show,Action,2010,62,Canada,R,7.1
s0378,Movie_378,Movie,Sci-Fi,2023,75,France,G,8.2
s0379,Movie_379,TV Show,Romance,2003,146,India,PG-13,8.0
s0380,Movie_380,TV Show,Action,1998,116,USA,,6.5
s0381,Movie_381,TV Show,Drama,1995,134,Canada,PG,5.6
s0382,Movie_382,TV Show,Comedy,1998,71,UK,R,7.7
s0383,Movie_383,Movie,Romance,1995,133,India,PG,6.6
s0384,Movie_384,TV Show,Drama,2008,155,USA,PG-13,5.2
s0385,Movie_385,Movie,Sci-Fi,2015,75,South Korea,PG-13,9.0
s0386,Movie_386,Movie,Documentary,2010,131,Canada,R,8.0
s0387,Movie_387,Movie,Documentary,2014,161,India,,7.9
s0388,Movie_388,TV Show,Thriller,2018,135,UK,G,8.6
s0389,Movie_389,TV Show,Thriller,2002,83,Spain,R,7.1
s0390,Movie_390,Movie,Action,2001,87,India,PG,8.6
s0391,Movie_391,Movie,,1997,176,UK,TV-MA,7.0
s0392,Movie_392,Movie,Comedy,2011,67,USA,G,4.8
s0393,Movie_393,TV Show,,1995,151,Spain,G,6.5
s0394,Movie_394,TV Show,Comedy,2010,95,Canada,R,7.0
s0395,Movie_395,Movie,,2006,149,India,G,8.1
s0396,Movie_396,TV Show,,2021,67,USA,G,5.0
s0397,Movie_397,Movie,Thriller,2013,117,Spain,PG-13,5.2
s0398,Movie_398,Movie,Romance,2016,119,Canada,G,5.8
s0399,Movie_399,Movie,Action,2017,109,France,G,5.8
s0400,Movie_400,TV Show,Action,2016,87,France,,8.2
s0401,Movie_401,TV Show,Romance,2008,151,USA,PG,5.8
s0402,Movie_402,Movie,Romance,2000,160,,,7.7
s0403,Movie_403,Movie,Sci-Fi,2000,100,Spain,TV-MA,7.0
s0404,Movie_404,TV Show,Documentary,2007,159,USA,G,
s0405,Movie_405,Movie,Drama,2013,123,India,G,8.7
s0406,Movie_406,TV Show,Drama,2016,86,UK,G,6.5
s0407,Movie_407,TV Show,Comedy,2002,177,,TV-MA,8.4
s0408,Movie_408,Movie,Thriller,2021,122,South Korea,PG,6.6
s0409,Movie_409,Movie,,2021,76,Canada,PG,6.3
s0410,Movie_410,Movie,Action,1996,132,India,PG-13,9.3
s0411,Movie_411,Movie,,2015,92,Spain,G,5.4
s0412,Movie_412,Movie,Documentary,1995,176,Canada,TV-MA,
s0413,Movie_413,TV Show,Romance,2022,143,South Korea,R,8.4
s0414,Movie_414,Movie,Action,2009,136,France,TV-MA,4.8
s0415,Movie_415,Movie,Comedy,1995,151,South Korea,TV-MA,8.7
s0416,Movie_416,Movie,Documentary,1999,171,Spain,R,6.7
s0417,Movie_417,Movie,Comedy,2022,88,,PG-13,
s0418,Movie_418,TV Show,Comedy,2023,72,Canada,R,8.1
s0419,Movie_419,TV Show,Comedy,2010,105,South Korea,,7.6
s0420,Movie_420,TV Show,Comedy,2013,94,India,PG-13,9.2
s0421,Movie_421,Movie,Documentary,1998,65,France,TV-MA,6.5
s0422,Movie_422,Movie,Sci-Fi,1997,141,UK,TV-MA,9.3
s0423,Movie_423,TV Show,Comedy,2011,174,South Korea,PG,5.2
s0424,Movie_424,Movie,Action,2011,128,USA,R,6.9
s0425,Movie_425,Movie,Sci-Fi,2006,106,India,TV-MA,5.8
s0426,Movie_426,Movie,Thriller,2022,84,UK,G,7.2
s0427,Movie_427,Movie,Romance,2023,125,USA,TV-MA,5.3
s0428,Movie_428,Movie,,2008,69,Canada,PG-13,8.7
s0429,Movie_429,TV Show,,2015,115,South Korea,TV-MA,8.7
s0430,Movie_430,Movie,Thriller,2000,89,France,TV-MA,9.3
s0431,Movie_431,Movie,Romance,1997,173,,G,5.3
s0432,Movie_432,TV Show,Drama,2022,168,UK,G,7.6
s0433,Movie_433,TV Show,Comedy,2003,64,UK,TV-MA,6.9
s0434,Movie_434,TV Show,Thriller,1999,178,India,,6.2
s0435,Movie_435,TV Show,,2018,179,,,6.3
s0436,Movie_436,Movie,Drama,2023,92,India,TV-MA,6.6
s0437,Movie_437,TV Show,Sci-Fi,2011,177,France,TV-MA,8.0
s0438,Movie_438,TV Show,,2008,124,India,PG-13,7.5
s0439,Movie_439,TV Show,Thriller,2015,77,South Korea,,6.8
s0440,Movie_440,Movie,Sci-Fi,1997,155,France,TV-MA,4.9
s0441,Movie_441,TV Show,Documentary,2022,170,UK,,4.9
s0442,Movie_442,TV Show,Thriller,1995,108,UK,TV-MA,4.5
s0443,Movie_443,TV Show,,2014,70,,R,9.3
s0444,Movie_444,TV Show,Comedy,2023,144,Canada,TV-MA,4.5
s0445,Movie_445,TV Show,Action,2015,85,UK,TV-MA,5.0
s0446,Movie_446,Movie,Romance,2017,122,Spain,R,6.1
s0447,Movie_447,Movie,Thriller,1995,148,France,PG,8.5
s0448,Movie_448,TV Show,Documentary,1997,145,Spain,G,9.3
s0449,Movie_449,Movie,Comedy,2012,118,Spain,TV-MA,8.5
s0450,Movie_450,TV Show,Romance,2019,86,UK,,8.0
s0451,Movie_451,TV Show,Action,2004,108,Canada,TV-MA,7.1
s0452,Movie_452,TV Show,Documentary,2016,136,Spain,,4.9
s0453,Movie_453,TV Show,Documentary,2020,92,Spain,R,9.3
s0454,Movie_454,Movie,Romance,1997,157,South Korea,PG-13,8.3
s0455,Movie_455,TV Show,Documentary,2002,164,Spain,PG,7.7
s0456,Movie_456,TV Show,Sci-Fi,2008,158,France,G,8.3
s0457,Movie_457,Movie,Thriller,2018,60,France,TV-MA,
s0458,Movie_458,TV Show,Romance,2012,80,France,G,7.7
s0459,Movie_459,Movie,Drama,2009,171,UK,G,9.4
s0460,Movie_460,TV Show,,2016,114,Spain,,9.0
s0461,Movie_461,TV Show,Sci-Fi,2017,65,India,TV-MA,
s0462,Movie_462,TV Show,,1996,151,India,G,8.0
s0463,Movie_463,TV Show,Comedy,2021,140,Canada,PG-13,4.8
s0464,Movie_464,TV Show,,2004,128,India,PG,7.8
s0465,Movie_465,TV Show,,1996,154,South Korea,G,4.7
s0466,Movie_466,TV Show,Romance,2020,64,South Korea,PG,7.4
s0467,Movie_467,Movie,Romance,2011,161,Canada,PG,
s0468,Movie_468,TV Show,Action,2002,62,,PG,7.3
s0469,Movie_469,Movie,Comedy,1995,112,Spain,PG-13,6.9
s0470,Movie_470,TV Show,Drama,2003,82,Spain,PG-13,6.1
s0471,Movie_471,TV Show,Documentary,2005,160,South Korea,PG,5.1
s0472,Movie_472,Movie,,2016,112,France,,
s0473,Movie_473,Movie,,2010,96,Spain,PG-13,5.5
s0474,Movie_474,TV Show,Documentary,2001,133,Canada,TV-MA,5.1
s0475,Movie_475,Movie,Action,2023,133,Canada,PG-13,6.6
s0476,Movie_476,Movie,Thriller,2004,142,India,,8.5
s0477,Movie_477,TV Show,Comedy,2017,76,USA,G,8.2
s0478,Movie_478,Movie,Drama,2020,144,France,G,4.8
s0479,Movie_479,Movie,Documentary,1997,137,Spain,TV-MA,6.8
s0480,Movie_480,Movie,,2012,132,,TV-MA,7.1
s0481,Movie_481,TV Show,Action,2019,169,France,TV-MA,
s0482,Movie_482,TV Show,Comedy,2018,60,USA,G,7.8
s0483,Movie_483,TV Show,Comedy,2007,110,South Korea,PG-13,6.3
s0484,Movie_484,Movie,Romance,2022,104,France,PG-13,7.3
s0485,Movie_485,Movie,Thriller,2020,136,India,PG,
s0486,Movie_486,TV Show,Documentary,2001,63,,PG-13,8.9
s0487,Movie_487,TV Show,Romance,2019,121,Spain,G,7.2
s0488,Movie_488,Movie,Romance,1998,124,UK,PG,
s0489,Movie_489,Movie,Comedy,2007,172,France,R,6.5
s0490,Movie_490,Movie,Sci-Fi,2014,163,France,PG,7.4
s0491,Movie_491,Movie,Comedy,1995,91,South Korea,TV-MA,8.5
s0492,Movie_492,TV Show,Comedy,2002,93,India,PG-13,7.2
s0493,Movie_493,Movie,Action,2008,151,,TV-MA,7.8
s0494,Movie_494,Movie,,2010,154,France,G,
s0495,Movie_495,TV Show,Romance,2008,131,Spain,PG-13,7.1
s0496,Movie_496,TV Show,Comedy,2006,98,UK,TV-MA,6.6
s0497,Movie_497,Movie,Thriller,2013,85,India,G,8.9
s0498,Movie_498,Movie,Thriller,2017,93,USA,,6.6
s0499,Movie_499,TV Show,Comedy,2009,113,Spain,R,6.8
s0500,Movie_500,Movie,Romance,2022,177,USA,TV-MA,
